Variation,d,radius,mag(AxialRatioValue): Theta(0deg) Phi(0deg) Freq(2.4GHz): Infinite Sphere1,dB(AxialRatioValue): Theta(0deg) Phi(0deg) Freq(2.4GHz): Infinite Sphere1,dB(GainTotal): Theta(0deg) Phi(0deg) Freq(2.4GHz): Infinite Sphere1,dB(S(1 1)): Freq(2.4GHz),mag(PolarizationRatioCircularLHCP): Theta(-180deg) Phi(0deg) Freq(2.4GHz): Infinite Sphere1,mag(PolarizationRatioCircularLHCP): Theta(0deg) Phi(0deg) Freq(2.4GHz): Infinite Sphere1
1,13.5mm,15.5mm,43.8984037162861,32.848974564381,-1.66944301642388,-3.84447727041477,1.26499147723843,0.955454986492659
2,13.5mm,15.6mm,46.9913880541301,33.4403654722173,-1.58893562434705,-4.74293281814785,1.25076008613039,0.958325856344389
3,13.5mm,15.7mm,50.8690827245016,34.1290781293603,-1.50496792257801,-5.40875580727879,1.23885402044295,0.961441384829903
4,13.5mm,15.8mm,38.6685580107647,31.7471595419814,-1.30637905077347,-6.68384479214904,1.26438745618665,0.949582235899342
5,13.5mm,15.9mm,22.4834827077342,27.0372716927445,-1.41766126824351,-9.16049149402239,1.20604969550575,0.914833756777426
6,13.5mm,16mm,20.1073105367614,26.0670797041727,-1.59166318469267,-12.8139359148552,1.3270313013219,0.905246099614789
7,13.5mm,16.1mm,16.4955340102608,24.3473275906622,-1.09676280009299,-18.2018714025686,1.3041897384398,0.885685112622053
8,13.5mm,16.2mm,17.9914273712687,25.1013123996233,-1.3001756176529,-13.8207149721363,1.30992885177895,0.894689326878836
9,13.5mm,16.3mm,13.0701004458979,22.3255785043753,-1.33861042750089,-10.7882340328139,1.36879004558233,0.857854603974551
10,13.5mm,16.4mm,11.9110751889732,21.519019322959,-1.29416919909462,-7.1022923504162,1.1635552981648,0.845094233382816
11,13.5mm,16.5mm,11.6879746537154,21.3547852225161,-1.27313362371369,-4.71352293576431,1.40295297190741,0.842370429120117
12,13.5mm,16.6mm,9.5740696823281,19.6219316810938,-1.29798668207343,-3.11410683119756,1.28276619686519,0.810858065051104
13,13.5mm,16.7mm,10.6514698482086,20.5481908464245,-1.16287538496815,-2.17221264343935,1.96260628304892,0.828347837135115
14,13.5mm,16.8mm,5.89977302551225,15.4167060780507,-1.16406057335223,-0.872117290517127,1.15708297347541,0.710135392482491
15,13.5mm,16.9mm,6.51569581308741,16.2792160192326,-1.04054486482586,-0.765435412095491,1.4213117199753,0.733890241204638
16,13.5mm,17mm,7.08796907207806,17.0104362773114,-1.20602140486514,-0.970286189889792,1.26123505258941,0.752719133545582
17,13.6mm,15.5mm,54.9464707382136,34.7987960505159,-1.361775508225,-3.81149519559134,1.14426785624885,0.964251543062324
18,13.6mm,15.6mm,37.4803430609217,31.4760711474009,-1.65474670381197,-4.45435846148453,1.07301271219439,0.948025411394238
19,13.6mm,15.7mm,40.1555612564517,32.07491400885,-1.64816150862915,-5.04638737023833,1.3300111080107,0.951403894420551
20,13.6mm,15.8mm,38.0170680888923,31.5995724126538,-1.14110835541238,-6.61117694970773,1.11631457089362,0.948740382146516
21,13.6mm,15.9mm,31.0386965809252,29.8380695097145,-1.34737071200397,-8.19226541377991,1.43003323843205,0.937575487974416
22,13.6mm,16mm,23.149385170576,27.2907892197602,-1.56481739252701,-11.2105492616403,1.46183083433866,0.917182156569483
23,13.6mm,16.1mm,16.9948703412498,24.606357111486,-1.27519118027048,-16.8530490318734,1.27890758172628,0.888857215302331
24,13.6mm,16.2mm,15.8422257882662,23.9963239739244,-1.24200449527599,-14.975741125502,1.40937427646038,0.881250849790092
25,13.6mm,16.3mm,12.6399328939827,22.03489536524,-1.29146388223395,-9.76890647958154,1.21724840756439,0.853371712636335
26,13.6mm,16.4mm,14.8275637043125,23.4213959717563,-1.30523645216268,-8.23785913507433,1.35083918592845,0.873638164573928
27,13.6mm,16.5mm,11.3294644332322,21.0841876073484,-1.11081239818447,-4.82541428667785,1.44310894039136,0.837786952480328
28,13.6mm,16.6mm,10.3369786090457,20.2878723512363,-1.05190466552825,-3.295814693949,1.16656090572611,0.823586153862527
29,13.6mm,16.7mm,9.00020147932671,19.0850446340763,-1.19242211154243,-2.37690162176407,1.56448665158021,0.800004029505348
30,13.6mm,16.8mm,8.92522864227559,19.0123870095372,-1.1715478064365,-1.3116491613835,1.33816100530998,0.798493307098117
31,13.6mm,16.9mm,8.05055571997972,18.1165172043526,-1.00538495171358,-1.37611660262443,1.57207109412925,0.779019094309881
32,13.6mm,17mm,6.47701638383892,16.2274999123665,-1.35127044701459,-0.984057712401775,1.37664938314912,0.732513626113905
33,13.7mm,15.5mm,64.2175713433169,36.1530775374902,-1.96114549055982,-3.78541181364218,1.38778699006456,0.969333417991424
34,13.7mm,15.6mm,36.9754805623098,31.358276542738,-1.56532677159789,-4.1529105479575,1.22267815689496,0.947334438685551
35,13.7mm,15.7mm,41.0191958360191,32.2597428391244,-1.35561126513418,-5.05360520411684,1.19729714315204,0.95240270642482
36,13.7mm,15.8mm,27.6823262506496,28.8440516545461,-1.39532094776553,-6.08874295028763,1.06283277738114,0.930270648812709
37,13.7mm,15.9mm,28.0496809035267,28.9585585007022,-1.4195757746047,-7.69509503813113,1.13060833243886,0.931152427916783
38,13.7mm,16mm,21.3056643200627,26.569901604843,-1.21685522088295,-10.4742811150428,1.17030344931949,0.910336676312254
39,13.7mm,16.1mm,14.541686639177,23.2522956347326,-1.2671541175631,-16.4559251556433,1.01483324197388,0.87131383829613
40,13.7mm,16.2mm,16.1264516073702,24.1507763535214,-1.09615212681566,-18.7602729093443,1.31740393560099,0.883221577601088
41,13.7mm,16.3mm,14.631107443573,23.3055439913104,-1.23672370157971,-12.993851282684,1.29160150638763,0.872050012628995
42,13.7mm,16.4mm,13.6262786128817,22.6875452919503,-1.15342797256933,-7.00125597655104,1.47106207826024,0.863259817966372
43,13.7mm,16.5mm,12.3303085133503,21.8194788619542,-1.30153759855497,-5.35641440522965,1.42124587921373,0.849965963053519
44,13.7mm,16.6mm,9.75650173061491,19.7858825184317,-1.2985269336529,-3.94632137201294,1.23814301289702,0.814065943548576
45,13.7mm,16.7mm,8.94314958531402,19.0298098985819,-0.921281708878299,-2.68883809509378,1.3539099224876,0.798856490809111
46,13.7mm,16.8mm,8.63536573130439,18.7256147169897,-1.14454308853323,-1.86021451365002,1.70425802692064,0.792431335169542
47,13.7mm,16.9mm,7.13002746548625,17.0618240559045,-1.30566706751999,-1.2863907252822,1.12940222994601,0.753998371039897
48,13.7mm,17mm,6.49809960593896,16.2557272826173,-1.14631057479746,-1.0776638469644,1.5970248244798,0.733265746641205
49,13.8mm,15.5mm,42.0931171128396,32.4842217531549,-1.718843273445,-3.62811487656697,1.12963593446019,0.953588876043406
50,13.8mm,15.6mm,107.432669687787,40.6227273605344,-1.58244401149718,-4.15653289488434,1.26199259182829,0.98155537435573
51,13.8mm,15.7mm,60.8539098422643,35.6857697345988,-1.74808664406623,-4.73478627799918,1.38752578921886,0.96766574651303
52,13.8mm,15.8mm,30.7751732883745,29.7640101405791,-1.16587088265516,-5.81150973396873,1.04448767753641,0.937057778352644
53,13.8mm,15.9mm,21.8818279476174,26.8016719788255,-1.19222892301119,-7.73500302506801,1.22815754984525,0.912594395667229
54,13.8mm,16mm,20.4822435178839,26.2275505051312,-1.39475296394011,-10.5661824067433,1.28494085257987,0.906899854368795
55,13.8mm,16.1mm,17.3466409353965,24.7843077791276,-1.15523512438036,-13.5128838860038,1.21708385418279,0.890988219203584
56,13.8mm,16.2mm,13.5836418620935,22.6603244542182,-1.2496822205661,-19.4276622568239,1.17205470985006,0.862860044225407
57,13.8mm,16.3mm,18.1159923442163,25.1612425695788,-1.18222916652616,-11.7556087301447,1.28619859098383,0.895375559689156
58,13.8mm,16.4mm,13.9060859723435,22.8640982004008,-1.24293466434153,-8.34727480710236,1.62898343409808,0.865826615805734
59,13.8mm,16.5mm,11.8612171856411,21.4825851631675,-1.23001902255955,-5.22511723929602,1.45654437724501,0.844493723173192
60,13.8mm,16.6mm,9.69593254774048,19.7317917110193,-1.20590017531392,-4.19257545616962,1.41805680538734,0.813013031722746
61,13.8mm,16.7mm,9.28426220775691,19.3549479475558,-1.0432732460972,-2.72838124307258,1.27390778574066,0.805528101131893
62,13.8mm,16.8mm,7.55514620540765,17.5648574624152,-1.10566752714153,-2.14296186792346,1.08706499355281,0.766222580891041
63,13.8mm,16.9mm,6.21592561543572,15.8701161744186,-0.930615287425881,-1.1074763098785,1.38822236877453,0.722835280380141
64,13.8mm,17mm,7.15596253202612,17.0933611594917,-0.99439117153185,-1.09006811239096,1.51853735038557,0.754780629245589
65,13.9mm,15.5mm,49.048571401808,33.8125272510994,-1.54535479457194,-3.46167389607755,1.13605729859487,0.960038819411182
66,13.9mm,15.6mm,67.3305732760816,36.5642462443801,-1.56544460445162,-4.17468464993805,1.1360441860482,0.97073052509132
67,13.9mm,15.7mm,29.8902533876257,29.5105919336938,-1.65770882986791,-4.9714505315959,1.25591683415439,0.935254658649023
68,13.9mm,15.8mm,23.9426147914078,27.5834315659092,-1.44930038767546,-5.8837639413687,1.13970214326666,0.91981594485078
69,13.9mm,15.9mm,30.4701467514639,29.6774909178617,-1.34929028627456,-7.30993432292116,1.20330539770043,0.936447706590152
70,13.9mm,16mm,17.4825298083745,24.8520855480285,-1.19150550684372,-9.44571660816427,1.00525233949522,0.891789705157473
71,13.9mm,16.1mm,20.8794501462981,26.3943811494657,-1.06249215453381,-13.1381903081202,1.09358317444932,0.908590024583484
72,13.9mm,16.2mm,18.8508607045463,25.5066236857448,-1.08540841847495,-18.8704091390985,1.22196174735606,0.8992487011134
73,13.9mm,16.3mm,16.4392410521112,24.3176352732187,-1.44384653247171,-16.2637787747907,1.51661149866977,0.885316110143573
74,13.9mm,16.4mm,13.3702067726495,22.522762475122,-1.21141410895526,-9.51670633438758,1.47919375355627,0.860823157826333
75,13.9mm,16.5mm,11.8131181055143,21.4472909197281,-1.13227105999972,-5.76558118879415,1.42297457435742,0.843909969179221
76,13.9mm,16.6mm,8.7974376335808,18.8871239347249,-1.23709825271896,-3.77709461604351,1.3136369929725,0.795864992991128
77,13.9mm,16.7mm,9.64476489914752,19.6858329148757,-1.26107047587385,-2.79946373793851,1.78077929119287,0.812114215865851
78,13.9mm,16.8mm,8.22474227199788,18.30244595833,-1.08458100154673,-2.25341133822189,1.09430894160412,0.783191774791249
79,13.9mm,16.9mm,7.03212734053621,16.9417345302548,-1.16236871176412,-1.5619891194671,1.73051872607421,0.750999963620288
80,13.9mm,17mm,6.27973404761129,15.9588250272897,-0.994423154718913,-1.1650022663788,1.61677288681177,0.725264688665891
81,14mm,15.5mm,35.028067024169,30.8883234406733,-1.73492595280308,-3.70281609721275,1.13607122609448,0.944487724010885
82,14mm,15.6mm,46.8583585385561,33.4157414213976,-1.59603774654838,-3.9159961157528,1.02271243943124,0.958210016785495
83,14mm,15.7mm,40.5933481446597,32.1690974692047,-1.29860202531388,-4.88707178679064,1.12657490275167,0.951915388175914
84,14mm,15.8mm,48.520374024339,33.7184828002305,-1.29621126595568,-5.60701974430525,1.16032404042808,0.959612582913509
85,14mm,15.9mm,24.5029945525149,27.7843832694625,-1.37810706415431,-6.7399122922933,1.25511441118816,0.921577836834742
86,14mm,16mm,32.2293633106987,30.165034522669,-1.20163276009508,-8.61207246841937,1.60144826492984,0.939812268405514
87,14mm,16.1mm,25.6859466029693,28.1939115077836,-1.42878229086753,-12.3689287474121,1.37216102196288,0.925054185644759
88,14mm,16.2mm,18.7314117928047,25.4514102305993,-1.25261199241024,-17.5311603031341,1.38046360448634,0.898638778562752
89,14mm,16.3mm,15.4188727596284,23.7610524909423,-0.979159130034703,-15.7625431249705,1.41955303544986,0.878188957958326
90,14mm,16.4mm,14.5033828997198,23.2293862561837,-1.05332088524022,-10.0747312877224,1.30992625818272,0.87099589728664
91,14mm,16.5mm,9.81842747474812,19.8408387298193,-1.32189024017044,-6.93545064710169,1.34256140453148,0.815130248396238
92,14mm,16.6mm,8.30851405821411,18.3904671808028,-1.03213764115603,-3.85330692406659,1.17632464010173,0.785142936080637
93,14mm,16.7mm,8.48990989509386,18.5780616204946,-1.09820740413824,-3.24739584096286,1.68359680093928,0.789249843032338
94,14mm,16.8mm,8.07599339440304,18.1439191009856,-1.09904932690431,-2.20439964869395,1.33813028470399,0.779638446934816
95,14mm,16.9mm,6.68780958536681,16.5056779883748,-0.999787007747108,-1.49284376430606,1.56837427339871,0.739847875029728
96,14mm,17mm,6.41216615262931,16.1400953461161,-0.824387910256701,-1.09724222100413,1.72639030889872,0.730173344901268
97,14.1mm,15.5mm,42.8059669943154,32.6300862457206,-1.49535738473108,-3.51364060203911,0.984126579114537,0.954344119369411
98,14.1mm,15.6mm,79.5256878342835,38.0101486819865,-1.30237063095738,-3.94175246241488,1.13306557986806,0.975163205012097
99,14.1mm,15.7mm,202.965566071261,46.1484472869625,-1.52800764432475,-4.78031695167891,1.37601283703306,0.990194423311133
100,14.1mm,15.8mm,44.8005187964797,33.0256608644021,-1.51775553258961,-5.38393436095358,1.28976253927079,0.95633237237143
101,14.1mm,15.9mm,30.132697908629,29.5807603529332,-0.994473654914068,-7.03214021942069,1.1719813092171,0.935758860158224
102,14.1mm,16mm,31.397391627245,29.9378714016252,-1.20677209621382,-8.33554705979798,1.2054465042931,0.938266635073236
103,14.1mm,16.1mm,25.9160063372597,28.2713615494329,-1.42335507504084,-10.9551001011364,1.43530599042134,0.925694771544492
104,14.1mm,16.2mm,16.3172259881812,24.2529265682274,-1.06585017937804,-16.7200572404454,1.24545448762329,0.884508061431723
105,14.1mm,16.3mm,14.045306532546,22.950624438485,-1.22106885497064,-19.8478964283077,1.2051179793117,0.867068178659331
106,14.1mm,16.4mm,11.8687854079067,21.4881255540988,-1.36063413429987,-11.8421732319545,1.1982924100726,0.844585177496923
107,14.1mm,16.5mm,10.568799863182,20.4805134786186,-1.05023054328169,-6.75427882361725,1.45769975194226,0.827121220554169
108,14.1mm,16.6mm,10.026883711756,20.0233195635422,-0.996152633199227,-5.11893158338375,1.34735063338729,0.818625093700066
109,14.1mm,16.7mm,9.02181490705003,19.1058782560066,-1.01967766841114,-3.27233149159426,1.35743579587636,0.800435348432442
110,14.1mm,16.8mm,6.92317528974758,16.8061065554018,-1.0229022277547,-2.25335327696908,1.34210183176141,0.747575949431794
111,14.1mm,16.9mm,7.31327779505204,17.2822414085009,-0.910891535671281,-1.48722142393347,1.46378037152854,0.75942100705568
112,14.1mm,17mm,6.71705015941521,16.5435718278941,-1.19233387950597,-1.27033757416174,1.97465291574966,0.740833614051362
113,14.2mm,15.5mm,150.852944749331,43.57107584619,-1.36600702129507,-3.65347267719896,1.11409755222019,0.986829363083466
114,14.2mm,15.6mm,53.4312881603307,34.555912891923,-1.48971629784378,-4.01274101668501,1.12478791597597,0.963256427183776
115,14.2mm,15.7mm,62.3677446549588,35.8992007871903,-1.63384465559186,-4.67012931212052,1.27355246430837,0.968438201313774
116,14.2mm,15.8mm,42.7038875014566,32.6093482469087,-1.19540797526829,-5.10326551437432,1.09913694011035,0.954237480591782
117,14.2mm,15.9mm,29.4212138502236,29.3732117346412,-1.11063309322087,-6.38396308998108,1.21638239856881,0.934256403776429
118,14.2mm,16mm,43.2794117062101,32.7256269761278,-1.2231143164258,-8.11423780881744,1.14091606272614,0.95483228157434
119,14.2mm,16.1mm,21.0484739608407,26.4644122890294,-1.41087943189682,-10.2471500627009,1.21364519988745,0.909290774338754
120,14.2mm,16.2mm,20.873700995687,26.3919891629128,-1.16382002708235,-14.2405258467826,1.35346464534238,0.908565998941178
121,14.2mm,16.3mm,13.2290167076398,22.4305512989937,-1.32115277116087,-18.6119791624725,1.32986409408525,0.859442149721691
122,14.2mm,16.4mm,11.1627534162966,20.9554266268234,-1.19357076315356,-11.0989002096345,1.25978405385818,0.835563549506788
123,14.2mm,16.5mm,13.364244138713,22.5188880150588,-1.21022310505943,-8.95121485393924,1.64343037983074,0.860765385168454
124,14.2mm,16.6mm,11.0267555710937,20.8489549544378,-1.09289098492527,-5.01545849381285,1.52322693672092,0.833704111788304
125,14.2mm,16.7mm,8.766597847968,18.8566216905387,-1.12867188240888,-3.59951872784741,1.75050013793338,0.795220400068371
126,14.2mm,16.8mm,7.52964464249955,17.5354896078301,-0.939966819685551,-2.55965097719355,1.44039466549729,0.765523643267052
127,14.2mm,16.9mm,6.91120473678411,16.791075173049,-1.04580336835168,-1.67346064295189,1.57492960480966,0.747194003120567
128,14.2mm,17mm,6.18217264788847,15.8228225864587,-1.09063935068707,-1.3819796726647,1.93439806705978,0.721532731382057
129,14.3mm,15.5mm,296.333109933204,49.4356035768797,-1.54068492829929,-3.55065303755904,1.0265100604972,0.993273537546998
130,14.3mm,15.6mm,38.583189958127,31.7279626226843,-1.38805373899496,-3.93269756758739,0.957466322931918,0.949473501197966
131,14.3mm,15.7mm,54.4438502314705,34.7189766124607,-1.34800835849558,-4.54491687354254,1.14083356604301,0.963927469112439
132,14.3mm,15.8mm,53.0162978268325,34.4881879460575,-1.43812877768891,-4.92966425135387,1.24271519384265,0.962974137797972
133,14.3mm,15.9mm,38.9793633633614,31.8166948331195,-1.1908152709837,-6.66593464423113,1.14642480467761,0.94997419088887
134,14.3mm,16mm,23.0835939242679,27.2660685159894,-1.28513749174788,-7.46122092820247,1.01877950116064,0.916955915869986
135,14.3mm,16.1mm,25.9623459033423,28.2868786368704,-0.877972461791207,-9.61382338776953,1.222706507948,0.925822478237991
136,14.3mm,16.2mm,18.0256903399945,25.1178381225968,-1.01299615517464,-14.3966660393386,1.23075591127762,0.894878978672551
137,14.3mm,16.3mm,3.68438159472267,11.3272920825047,-0.707067297204613,-1.37347338332748,2.79843198440492,0.573049300199378
138,14.3mm,16.4mm,13.9325334111427,22.8806018639314,-1.11252621204678,-13.7544980925503,1.3972432142207,0.866064254140051
139,14.3mm,16.5mm,10.872043510362,20.7262236358433,-1.06270401147332,-8.18156224949849,1.2736235418387,0.831537005549686
140,14.3mm,16.6mm,9.54316346669192,19.5938472600976,-1.16870915030668,-5.73311728898868,1.27287894441395,0.810303614629668
141,14.3mm,16.7mm,8.67950699151189,18.7699011465098,-0.972369584728555,-4.14775293068651,1.51727660887324,0.793377906358885
142,14.3mm,16.8mm,7.67223065113906,17.6984330120613,-1.07261797275196,-2.41110991905949,1.28821369767114,0.769378827610252
143,14.3mm,16.9mm,6.9620021767012,16.8546830946482,-1.09745075490884,-1.89094260697185,1.7809607625432,0.748806901126893
144,14.3mm,17mm,5.92588765980572,15.4550682814263,-1.11506610083807,-1.50259676411848,1.357974675788,0.711228351044882
145,14.4mm,15.5mm,124.134801938502,41.8778711128049,-1.44192396621424,-3.60019049181368,1.15349150381517,0.984017236060493
146,14.4mm,15.6mm,67.8450334839767,36.6303612228336,-1.48416630838851,-4.16244392381549,1.02975452810234,0.970949247915386
147,14.4mm,15.7mm,99.5412139469257,39.9600586568795,-1.479230692209,-4.24370584915666,1.15613352106961,0.980107660117812
148,14.4mm,15.8mm,53.125765964703,34.5061040948034,-1.27703035675511,-5.23123888080786,1.10317189698193,0.963049021767114
149,14.4mm,15.9mm,42.1391851919736,32.493722675726,-1.39199617132541,-6.0611929615652,1.21611278234541,0.953638438206475
150,14.4mm,16mm,29.7483700939813,29.4692635165308,-1.40397148986422,-7.37204597583959,1.27205378607467,0.934955901926279
151,14.4mm,16.1mm,24.9165771538133,27.9297676415162,-0.987161908050248,-10.1008174102624,1.10412430772614,0.922829315455891
152,14.4mm,16.2mm,24.438105716046,27.7613507834955,-0.975239635872155,-12.8172526406543,1.34904265395151,0.921377793522635
153,14.4mm,16.3mm,18.4768347257708,25.3325514817601,-0.798405079359123,-19.2086831559675,1.0833620282194,0.89731391018307
154,14.4mm,16.4mm,14.2475277938083,23.0747902572035,-1.0564782209148,-14.8723843721741,1.32980040761069,0.86883119499463
155,14.4mm,16.5mm,11.7903890818499,21.4305627402602,-1.1118246032675,-9.44119721380846,1.34685937870125,0.843632591064951
156,14.4mm,16.6mm,9.17949342568147,19.2563743026707,-0.997612907869594,-5.99963257354631,1.30492117226997,0.803526568919994
157,14.4mm,16.7mm,7.29652246273553,17.2623184761419,-1.05185601698882,-4.16086314138231,1.50026734197272,0.758935143129769
158,14.4mm,16.8mm,6.58432040698447,16.3702191281656,-1.1524176537346,-2.07880926864589,1.84841355712216,0.736298060646517
159,14.4mm,16.9mm,5.7885478228028,15.251392512388,-1.04974789539018,-1.3666331702115,2.07800638919411,0.705386180932249
160,14.4mm,17mm,5.43702338267332,14.7072240149879,-0.925742184358342,-1.42281237129945,1.63236147587594,0.689297384660207
161,14.5mm,15.5mm,42.4923744002763,32.5662199878184,-1.55299144976489,-3.7896545614715,1.07191778322759,0.954014927269933
162,14.5mm,15.6mm,67.673236821212,36.6083389870279,-1.54180595220598,-4.05297958352102,1.08243860524638,0.9708765729915
163,14.5mm,15.7mm,64.3297826733787,36.1682416843382,-1.51248513978007,-4.52989126694758,1.15246638195966,0.969386091332966
164,14.5mm,15.8mm,46.9276714982329,33.4285801102218,-1.4468874597589,-4.88600079133338,1.15080088500961,0.958270453425351
165,14.5mm,15.9mm,61.7042457930691,35.806300966584,-0.886212858985079,-6.24780781961806,1.19344014393157,0.968104233218908
166,14.5mm,16mm,31.8926684327269,30.0738171563398,-1.09305533404073,-7.40464224204833,1.2048073525332,0.939196176677168
167,14.5mm,16.1mm,31.9808328181654,30.0977953818405,-1.12291467393114,-9.48395283801345,1.21634413498438,0.939358717500353
168,14.5mm,16.2mm,20.5644622903286,26.2623471654075,-1.18568312776106,-12.625652047365,1.04566603660894,0.90725481706553
169,14.5mm,16.3mm,15.4174314440477,23.7602405189242,-0.921086735534283,-18.3253950237454,0.964377661441178,0.878178263949741
170,14.5mm,16.4mm,14.1459724262106,23.0126561441265,-1.22197569722355,-15.8917771976393,1.23439432166174,0.867951694105891
171,14.5mm,16.5mm,13.5108002026575,22.6136214338928,-0.897962027827126,-10.5132486010969,1.21305098577141,0.862171625818835
172,14.5mm,16.6mm,11.1576702777952,20.9514704670832,-1.19852643350265,-6.71222934566719,1.48208003021016,0.835494798402881
173,14.5mm,16.7mm,8.47772316155632,18.5655846131945,-1.0589699211883,-4.60391325138169,1.38263327861127,0.788978854318891
174,14.5mm,16.8mm,6.7562349074317,16.5940948227982,-1.08583235845572,-2.6909596538352,1.2753101413326,0.742142930962073
175,14.5mm,16.9mm,6.86419114747339,16.731787376583,-0.781147370134904,-2.07568643222015,1.67033739091058,0.745682682109964
176,14.5mm,17mm,5.10718004567075,14.1636233700068,-0.685603533726203,-1.53640494756664,1.544576729328,0.672516614043865
177,14.6mm,15.5mm,81.4783017667769,38.2208393704791,-1.40382142600766,-3.89106107533284,1.01427500343613,0.975751198107165
178,14.6mm,15.6mm,73.491082096137,37.3246928411625,-1.27913951163937,-4.26103531296648,0.949705226712168,0.973151148517096
179,14.6mm,15.7mm,186.20036158035,45.3996103999525,-1.42497347808385,-4.75112434897757,1.22841251856797,0.989316259952086
180,14.6mm,15.8mm,763.405659101869,57.6551075007239,-1.2775104030155,-5.43366990267575,1.19272390559393,0.997383588182288
181,14.6mm,15.9mm,40.4982154478274,32.1487177293617,-1.3641299916578,-6.29950009094791,0.942710357312108,0.951805156476802
182,14.6mm,16mm,31.3300960740498,29.9192345330415,-1.15709850923758,-7.15648448773096,0.914396477271001,0.938138136199189
183,14.6mm,16.1mm,20.5187402547621,26.2430138761643,-1.10630743895013,-8.95102422762416,1.11759109268651,0.907057756340667
184,14.6mm,16.2mm,28.6847647754927,29.1530258575089,-1.3443179033906,-13.7146457402241,1.43255247290376,0.932625371461553
185,14.6mm,16.3mm,15.1099528267938,23.5852621695136,-1.0060327570919,-18.1439654612011,1.13761170570912,0.875853143612337
186,14.6mm,16.4mm,16.9045526968324,24.5600736719648,-1.09620143249408,-16.6714834041189,1.22272341831585,0.888296567143293
187,14.6mm,16.5mm,12.2298071423409,21.7483921698712,-1.03497486493614,-10.953440317351,1.32938916655043,0.848826216551625
188,14.6mm,16.6mm,9.83403905726313,19.8546385763783,-0.867969408827816,-7.64407868733563,1.07344892204806,0.815396641139188
189,14.6mm,16.7mm,7.23189656450406,17.1850441187422,-1.10393998703487,-4.10392419430202,1.58264929860814,0.7570426226413
190,14.6mm,16.8mm,6.66036511512988,16.4699607489911,-0.933109465051809,-3.44298639904565,1.3949878061489,0.738915838874334
191,14.6mm,16.9mm,6.13724485181526,15.7594690052615,-1.00399164964431,-2.07797849367889,1.43088747272196,0.719779825195246
192,14.6mm,17mm,5.21350380577851,14.3425938981083,-0.915601946051485,-1.73066115127352,1.46792038068426,0.678120419248796
193,14.7mm,15.5mm,98.5808667903951,39.8758526489914,-1.76933925390055,-3.8732106275294,0.963955114024138,0.979915820533981
194,14.7mm,15.6mm,81.4246602579911,38.2151191031938,-1.17024985007342,-4.36508315170161,0.99490359824413,0.975735417122255
195,14.7mm,15.7mm,429.96523962231,52.668666932502,-1.20052658985188,-4.54417564889051,1.15897942317747,0.995359254491725
196,14.7mm,15.8mm,65.8921357303822,36.3766716871134,-1.50557893514938,-5.41886746808703,1.10836229260967,0.970101119090273
197,14.7mm,15.9mm,48.5020500842729,33.7152019149197,-1.50681081458693,-6.49498052032303,1.2235888889731,0.959597632894089
198,14.7mm,16mm,38.3723885798266,31.6803766744805,-1.09431381861104,-7.64170952129098,1.1515710435597,0.94920298025747
199,14.7mm,16.1mm,28.9332467572073,29.2279434186365,-0.84568973386327,-8.81849673290649,1.06547239793077,0.933184661983971
200,14.7mm,16.2mm,31.5635995612069,29.9837304993834,-1.07176401449025,-12.2716972716208,1.25633128894782,0.938581728465222
201,14.7mm,16.3mm,20.8053260608665,26.3634905288234,-0.935179190789692,-16.3323222937213,1.14203379032246,0.908279289453536
202,14.7mm,16.4mm,15.4960021568481,23.8043933631875,-1.08155967354642,-17.449568182299,1.16689481811274,0.878758502758214
203,14.7mm,16.5mm,13.3629584952202,22.5180523901972,-1.20556373410973,-11.6081766685174,1.36101930821051,0.860752922131915
204,14.7mm,16.6mm,10.3682023986489,20.3140693302495,-0.955253507588319,-8.09483547883074,1.13080974556669,0.82407069034611
205,14.7mm,16.7mm,8.47167761190813,18.5593884083877,-1.05255284351263,-5.12492686163728,1.35901807386093,0.7888441644714
206,14.7mm,16.8mm,6.85555105311656,16.7208473873514,-0.795533277235987,-3.6676451635771,1.20378265639621,0.74540296581657
207,14.7mm,16.9mm,3.67471651234611,11.3044768173969,-0.642576884292511,-1.43128296999857,1.97361247213799,0.572166569947521
208,14.7mm,17mm,5.26113751338641,14.4215930670187,-0.888239613319166,-1.83222492825548,2.12494180755613,0.680569226322858
209,14.8mm,15.5mm,122.248017247788,41.7448364797859,-1.46994480870214,-3.77782328490505,0.967494202552966,0.983772558417885
210,14.8mm,15.6mm,250.475377605103,47.9753008000085,-1.49385319617785,-4.2421500453345,1.02928389826289,0.992046935095409
211,14.8mm,15.7mm,62.7672160702188,35.9546573341568,-1.26415801065163,-4.71688944981659,0.925923390982096,0.968635921038208
212,14.8mm,15.8mm,66.6260463085423,36.4728808466838,-1.23104648886618,-5.50701932475321,1.11739374619647,0.970425596213698
213,14.8mm,15.9mm,68.5632899343548,36.7218329712013,-1.34065425587942,-6.03217976997015,1.04855681835463,0.971249203396111
214,14.8mm,16mm,42.2318349294866,32.5127990296055,-1.12311673175197,-7.25874950390029,1.16370457062044,0.953737795232099
215,14.8mm,16.1mm,36.1384550714183,31.1593916483392,-1.36998217097064,-8.7607889424968,1.13824882362325,0.946147463696216
216,14.8mm,16.2mm,26.4680680136653,28.4544448391543,-1.30018847379779,-11.9261375785883,1.12166445681182,0.92718818087224
217,14.8mm,16.3mm,20.5932115889318,26.2744816352118,-0.978574280204073,-15.6263684909419,1.07179605159216,0.907378298417399
218,14.8mm,16.4mm,14.4234074693205,23.1813574549716,-0.910391870290074,-17.5651776853732,1.1026563285284,0.870326968668998
219,14.8mm,16.5mm,11.7498545509764,21.4006498119861,-1.00063232793134,-13.4514832871845,1.11548913505635,0.84313546542797
220,14.8mm,16.6mm,10.3621893110537,20.3090304465244,-0.993796621751439,-8.10176211646737,1.26546735401993,0.823977585195284
221,14.8mm,16.7mm,8.71631116273497,18.8066545137391,-1.04597281967775,-5.509644122023,1.29021954409633,0.794160565002219
222,14.8mm,16.8mm,7.21432784543277,17.1639174871965,-1.01622873951383,-4.10573342795527,1.42049981059428,0.756522987926271
223,14.8mm,16.9mm,5.56932757771503,14.9160552610455,-0.52796750983737,-2.64176249655052,1.45157227491352,0.69555483779123
224,14.8mm,17mm,4.60158136188136,13.2581421063181,-0.903379856564481,-1.73162329649996,1.61296424650561,0.642957966546741
225,14.9mm,15.5mm,156.228031322176,43.875179202391,-1.32348155642557,-3.85180358746699,0.932621978402063,0.987279621940303
226,14.9mm,15.6mm,343.129408913425,50.7091588427013,-1.25058297894124,-4.52708427836075,1.06483910403309,1.00584574125432
227,14.9mm,15.7mm,62.1356359072293,35.8668149468486,-1.48197401227634,-4.78001157444206,1.09689663085346,0.968322169068848
228,14.9mm,15.8mm,1053.43056909483,60.4521183365632,-1.31596969266591,-5.52099452648704,1.15655871775138,1.00190036289208
229,14.9mm,15.9mm,38.8364831493998,31.7847979067162,-1.33124274221575,-6.53535701162179,0.992430043661009,0.949794764952033
230,14.9mm,16mm,51.8709846251194,34.2984898386832,-1.08817602254569,-7.83189601280887,1.05590258444367,0.962172068211308
231,14.9mm,16.1mm,29.5392340532131,29.4079845989528,-1.19458480733816,-9.77050329655542,1.18724472018346,0.934510472773643
232,14.9mm,16.2mm,38.0640480628944,31.6102994614115,-1.31749111042769,-12.1311123620214,1.10497675701083,0.948802028996587
233,14.9mm,16.3mm,20.9891987124028,26.4399171838211,-0.94975754071579,-14.8606268943279,1.13915362983299,0.909046253746758
234,14.9mm,16.4mm,24.3191575282776,27.7189705179699,-0.994321621429849,-19.2083502190072,1.28653600149745,0.921008430167303
235,14.9mm,16.5mm,14.7536668116506,23.3779994275123,-1.1199418029765,-14.7485951057336,1.42877985782453,0.873045429745861
236,14.9mm,16.6mm,12.3349751722665,21.8227655936477,-1.01806651385822,-9.74428500691409,1.34406241828832,0.850018468413837
237,14.9mm,16.7mm,9.08519900100234,19.1666888895474,-0.86597102134684,-6.20332864377702,1.4063534460231,0.801689584925272
238,14.9mm,16.8mm,7.21110616296818,17.1600377871077,-0.780983387342714,-4.22919583371397,1.43149450419179,0.756427458090856
239,14.9mm,16.9mm,5.79830704786896,15.2660241916261,-1.06615212773013,-3.07329607021025,1.28134597815298,0.705809110133245
240,14.9mm,17mm,5.30736183458668,14.4975739418003,-1.00634435169496,-2.12972999225514,1.8736911907043,0.682910216275699
241,15mm,15.5mm,74.2826668051029,37.4177497370981,-1.61520954235503,-3.77565637497782,1.08070471179439,0.973433459720845
242,15mm,15.6mm,703.764379490031,56.9485456312733,-1.39704839367598,-4.27417785319471,1.1566721002349,1.00284590405884
243,15mm,15.7mm,65.9812900434642,36.3884160493702,-1.33411165606321,-4.85526160772318,0.929630238287398,0.97014091548995
244,15mm,15.8mm,814.93428054401,58.222451739268,-1.36966866061215,-5.45851038388386,1.08493212424542,1.00245720084263
245,15mm,15.9mm,46.1684479700917,33.2869055051644,-1.29040885621901,-6.84540129632473,0.940202738641522,0.957598774475935
246,15mm,16mm,38.9412189142659,31.8081908283513,-1.2166114178093,-7.73621612007497,1.03819553171188,0.949926415508425
247,15mm,16.1mm,41.5699559784893,32.3755912919962,-0.937298944922971,-10.3590642697772,0.934426527664527,0.9530185090863
248,15mm,16.2mm,43.3254941820416,32.7348705018378,-1.21679868028786,-11.541977621578,1.13785095881012,0.954879239658645
249,15mm,16.3mm,21.8395776126304,26.7848846932202,-0.919712536748386,-14.6594648992895,0.926433316859122,0.912432706334552
250,15mm,16.4mm,17.5812755573496,24.9010076166004,-1.26417015471284,-18.3875110074177,1.19607701152074,0.892364762912688
251,15mm,16.5mm,15.5310050247431,23.8239912041751,-1.02055065063374,-14.1675496388295,1.19085234651,0.879015220368849
252,15mm,16.6mm,12.326316985724,21.8166666386227,-0.923957137893222,-9.47579793024087,1.40036098578272,0.849921024530444
253,15mm,16.7mm,12.0040943975151,21.5865880392194,-1.07821562464648,-7.27531125272992,1.53586789045278,0.846202285306221
254,15mm,16.8mm,7.2325226322739,17.1857960266459,-0.861562785644939,-4.7074434626776,1.33170232069574,0.757061099090161
255,15mm,16.9mm,6.37726315867112,16.0926867716116,-0.721751927446715,-3.28149662364529,1.62515308277491,0.728896752496997
256,15mm,17mm,5.22025114937193,14.3538279533883,-0.982398113592681,-2.43713920507321,2.15408917748702,0.678469574302969
